https://www.bio.cam.ac.uk#page-content
https://www.bio.cam.ac.uk#study-with-us
https://www.bio.cam.ac.uk#about-the-university
https://www.bio.cam.ac.uk/
https://www.bio.cam.ac.uk/about-us
https://www.bio.cam.ac.uk/vision
https://www.bio.cam.ac.uk/school-leadership
https://www.bio.cam.ac.uk/meet-school-office-staff
https://www.bio.cam.ac.uk/jobs
https://www.bio.cam.ac.uk/join-us/professional-services
https://www.bio.cam.ac.uk/spotlight-on-series
https://www.bio.cam.ac.uk/public-engagement
https://www.bio.cam.ac.uk/culture-and-inclusion
https://www.bio.cam.ac.uk/public-engagement/changing-pathogens-changing-world-cambridge-festival-2023
https://www.bio.cam.ac.uk/csbs
https://www.bio.cam.ac.uk/funding/grindley
https://www.bio.cam.ac.uk/hbrec
https://www.bio.cam.ac.uk/hbrec/hbrecappform
https://www.bio.cam.ac.uk/psyres
https://www.bio.cam.ac.uk/psyres/amendments
https://www.bio.cam.ac.uk/psyres/informationsheets
https://www.bio.cam.ac.uk/psyres/ethicalreviewprocess
https://www.bio.cam.ac.uk/psyres/termsofreference
https://www.bio.cam.ac.uk/psyres/approval
https://www.bio.cam.ac.uk/psyres/precappform
https://www.bio.cam.ac.uk/departments
https://www.bio.cam.ac.uk/departments/biochemistry
https://www.bio.cam.ac.uk/departments/genetics
https://www.bio.cam.ac.uk/departments/gurdon-institute
https://www.bio.cam.ac.uk/departments/mrc-toxicology-unit
https://www.bio.cam.ac.uk/departments/pathology
https://www.bio.cam.ac.uk/departments/pharmacology
https://www.bio.cam.ac.uk/departments/physiology-development-neuroscience
https://www.bio.cam.ac.uk/departments/plant-sciences
https://www.bio.cam.ac.uk/departments/psychology
https://www.bio.cam.ac.uk/departments/sainsbury-laboratory
https://www.bio.cam.ac.uk/departments/veterinary-medicine
https://www.bio.cam.ac.uk/departments/zoology
https://www.bio.cam.ac.uk/departments/cambridge-stem-cell-institute
https://www.bio.cam.ac.uk/undergraduate-study
https://www.bio.cam.ac.uk/postgraduate-study
https://www.bio.cam.ac.uk/study/mphil-biological-sciences
https://www.bio.cam.ac.uk/study/mphil-biological-sciences/developmental-biology-course-structure
https://www.bio.cam.ac.uk/study/mphil-biological-sciences/developmental-biology-participating-research-groups
https://www.bio.cam.ac.uk/study/mphil-biological-sciences/developmental-biology-student-testimonials
https://www.bio.cam.ac.uk/node/1080811/
https://www.bio.cam.ac.uk/research-funding-opportunities-undergraduates
https://www.bio.cam.ac.uk/research
https://www.bio.cam.ac.uk/research/research-themes
https://www.bio.cam.ac.uk/research/research-themes/microbiome-research-human-animal-and-planetary-health
https://www.bio.cam.ac.uk/research/current-grand-challenge-topics
https://www.bio.cam.ac.uk/research/machine-learning-ai-and-biology
https://www.bio.cam.ac.uk/research/advanced-immunotherapeutics
https://www.bio.cam.ac.uk/research/pioneering-precision-nanomedicines
https://www.bio.cam.ac.uk/research/womens-biology-and-health
https://www.bio.cam.ac.uk/research/molecules-and-cells-building-blocks-life
https://www.bio.cam.ac.uk/research/infection-immunity
https://www.bio.cam.ac.uk/research/bacterial-biology
https://www.bio.cam.ac.uk/research/infection-immunity/changing-pathogens-changing-world
https://www.bio.cam.ac.uk/research/infection-immunity/seeing-infection-through-new-lens
https://www.bio.cam.ac.uk/research/neuroscience-psychology-and-behaviour
https://www.bio.cam.ac.uk/research/mental-health-illness-across-scales-species-society
https://www.bio.cam.ac.uk/research/functional-evolutionary-genomics
https://www.bio.cam.ac.uk/research/functional-evolutionary-genomics/network-of-life
https://www.bio.cam.ac.uk/research/reproduction-development-lifelong-health
https://www.bio.cam.ac.uk/research/reproduction-development-lifelong-health/complex-tissue-regeneration
https://www.bio.cam.ac.uk/research/integrative-biology-ageing
https://www.bio.cam.ac.uk/research/organisms-evolution-planetary-resilience
https://www.bio.cam.ac.uk/research/organisms-evolution-ecology/life-extremes
https://www.bio.cam.ac.uk/research/organisms-evolution-ecology/molecular-biology-climate-solutions
https://www.bio.cam.ac.uk/research/participatory-research
https://www.bio.cam.ac.uk/research/research-fellowships
https://www.bio.cam.ac.uk/research/research-fellowships/parke-davis-exchange-fellowship
https://www.bio.cam.ac.uk/research/research-fellowships/training-development
https://www.bio.cam.ac.uk/research/research-policies-ethics
https://www.bio.cam.ac.uk/bioscience-impact
https://www.bio.cam.ac.uk/facilities
https://www.bio.cam.ac.uk/facilities/animal
https://www.bio.cam.ac.uk/facilities/bioinformatics-computing
https://www.bio.cam.ac.uk/facilities/biological-sciences-libraries
https://www.bio.cam.ac.uk/facilities/collections
https://www.bio.cam.ac.uk/facilities/flow-cytometry
https://www.bio.cam.ac.uk/facilities/genomics
https://www.bio.cam.ac.uk/facilities/imaging
https://www.bio.cam.ac.uk/facilities/plants
https://www.bio.cam.ac.uk/facilities/proteomics
https://www.bio.cam.ac.uk/facilities/structural-biology-biophysics
https://www.bio.cam.ac.uk/facilities/trace-element-analysis
https://www.bio.cam.ac.uk/facilities/facility-fridays-seminar-series
https://www.bio.cam.ac.uk/microscopy-platform
https://www.bio.cam.ac.uk/microscopy-platform/light-microscopy
https://www.bio.cam.ac.uk/microscopy-platform/light-microscopy/confocal
https://www.bio.cam.ac.uk/microscopy-platform/light-microscopy/light-sheet
https://www.bio.cam.ac.uk/microscopy-platform/light-microscopy/super-resolution
https://www.bio.cam.ac.uk/microscopy-platform/light-microscopy/two-photon
https://www.bio.cam.ac.uk/microscopy-platform/light-microscopy/widefield
https://www.bio.cam.ac.uk/microscopy-platform/electron-microscopy
https://www.bio.cam.ac.uk/microscopy-platform/image-analysis
https://www.bio.cam.ac.uk/microscopy-platform/technology-innovation
https://www.bio.cam.ac.uk/microscopy-platform/technology-innovation/custom-plant-imaging
https://www.bio.cam.ac.uk/microscopy-platform/technology-innovation/custom-upright-light-sheet
https://www.bio.cam.ac.uk/microscopy-platform/technology-innovation/label-free-solution-phase-single-molecule-optical
https://www.bio.cam.ac.uk/microscopy-platform/technology-innovation/photomanipulation
https://www.bio.cam.ac.uk/microscopy-platform/technology-innovation/single-molecule-light-field
https://www.bio.cam.ac.uk/microscopy-platform/data-management
https://www.bio.cam.ac.uk/culture-and-inclusion/research-culture
https://www.bio.cam.ac.uk/people-and-culture/research-culture-champions
https://www.bio.cam.ac.uk/culture-and-inclusion/equality-diversity-and-inclusion
https://www.bio.cam.ac.uk/culture-and-inclusion/equality-diversity-and-inclusion/equality-diversity-and-inclusion-champions
https://www.bio.cam.ac.uk/culture-and-inclusion/widening-participation
https://www.bio.cam.ac.uk/culture-and-inclusion/athena-swan
https://www.bio.cam.ac.uk/culture-and-inclusion/roving-researcher-scheme
https://www.bio.cam.ac.uk/biological-sciences-early-pi-network
https://www.bio.cam.ac.uk/%3Cfirstchild%3E
https://www.bio.cam.ac.uk/people-and-culture/inclusion-networks-support-initiatives
https://www.bio.cam.ac.uk/people-and-culture/mentoring-schemes
https://www.bio.cam.ac.uk/file/athenaswanbronzeawardlogoforwebsitefooterjpg
https://www.bio.cam.ac.uk/file/instagramicon50x50png
https://www.bio.cam.ac.uk/file/socialmediaiconsforwebsitelinkedinpng
https://www.bio.cam.ac.uk/file/xforwebsite50x50png
https://www.bio.cam.ac.uk/file/sumrubayinpng
https://www.bio.cam.ac.uk/staff/sumru-bayin
https://www.bio.cam.ac.uk/file/bayinsumru885x4322png
https://www.bio.cam.ac.uk/file/jeongminchoipng
https://www.bio.cam.ac.uk/staff/jeongmin-choi
https://www.bio.cam.ac.uk/file/lidaderevninapng
https://www.bio.cam.ac.uk/staff/lida-derevnina
https://www.bio.cam.ac.uk/file/derevninalida885x432png
https://www.bio.cam.ac.uk/research/organisms-evolution-ecology
https://www.bio.cam.ac.uk/staff/betty-chung
https://www.bio.cam.ac.uk/file/chungbettyupdated885x432png
https://www.bio.cam.ac.uk/staff/jake-harris
https://www.bio.cam.ac.uk/file/harrisjake885x432png
https://www.bio.cam.ac.uk/staff/mekayla-storer
https://www.bio.cam.ac.uk/file/storermekayla885x432png
https://www.bio.cam.ac.uk/file/gallianoelisa150x150png
https://www.bio.cam.ac.uk/staff/elisa-galliano
https://www.bio.cam.ac.uk/file/gallianoelisa885x432png
https://www.bio.cam.ac.uk/file/clarebuckleypng
https://www.bio.cam.ac.uk/staff/clare-buckley
https://www.bio.cam.ac.uk/file/steventonben150x150png
https://www.bio.cam.ac.uk/staff/ben-steventon
https://www.bio.cam.ac.uk/file/steventonben885x432png
https://www.bio.cam.ac.uk/file/eliabenitopng
https://www.bio.cam.ac.uk/staff/elia-benito-gutierrez
https://www.bio.cam.ac.uk/file/earlypislogowebsitehomepagepng
https://www.bio.cam.ac.uk/file/embolaboratoryleadershippng
https://www.bio.cam.ac.uk/files/roving_researcher_final_digital_version.pdf
https://www.bio.cam.ac.uk/file/rovingresearchdocumentcoverjpg
https://www.bio.cam.ac.uk/link/research-fellows-support-and-development
https://www.bio.cam.ac.uk/files/school_of_biological_sciences_athena_swan_bronze_application.pdf
https://www.bio.cam.ac.uk/file/topimagefornewsarticleedited885x432png
https://www.bio.cam.ac.uk/file/blagboroughandrewpng
https://www.bio.cam.ac.uk/file/collepardorosanapng
https://www.bio.cam.ac.uk/file/cvejicanapng
https://www.bio.cam.ac.uk/file/delarochemarcpng
https://www.bio.cam.ac.uk/file/evesvandenakkersebastianpng
https://www.bio.cam.ac.uk/file/gallopjennypng
https://www.bio.cam.ac.uk/file/headshotplaceholderpng
https://www.bio.cam.ac.uk/file/jonesalexanderpng
https://www.bio.cam.ac.uk/file/parkhilljulianpng
https://www.bio.cam.ac.uk/file/vandepettemathewpng
https://www.bio.cam.ac.uk/file/wilsoncatherinepng
https://www.bio.cam.ac.uk/people-and-culture/inclusion-networks
https://www.bio.cam.ac.uk/file/timweilediacademicleadcirclepng
https://www.bio.cam.ac.uk/staff/tim-weil
https://www.bio.cam.ac.uk/file/weiltim885x432png
https://www.bio.cam.ac.uk/file/jakeharrisjpg
https://www.bio.cam.ac.uk/file/markohyvonenjpg
https://www.bio.cam.ac.uk/file/funmikeifiepng
https://www.bio.cam.ac.uk/file/adrialeboeufpng
https://www.bio.cam.ac.uk/file/lloyd-foxsarahpng
https://www.bio.cam.ac.uk/file/magdalockerjpg
https://www.bio.cam.ac.uk/file/murchisonelizabeth150x150png-1
https://www.bio.cam.ac.uk/file/benedictesansonpng
https://www.bio.cam.ac.uk/file/simonsben2png
https://www.bio.cam.ac.uk/file/steventonbenpng
https://www.bio.cam.ac.uk/file/chriswhitewoodsframesquarepng
https://www.bio.cam.ac.uk/file/catherinewilsonjpg
https://www.bio.cam.ac.uk/file/wilsonnicolapng
https://www.bio.cam.ac.uk/file/sarahlloyd-foxpng
https://www.bio.cam.ac.uk/staff/sarah-lloyd-fox
https://www.bio.cam.ac.uk/file/datamanagementpng
https://www.bio.cam.ac.uk/file/photomanipulation400x350png
https://www.bio.cam.ac.uk/file/labelfree885x432png
https://www.bio.cam.ac.uk/file/customupright885x432png
https://www.bio.cam.ac.uk/file/customplantimaging400x350png
https://www.bio.cam.ac.uk/file/customplantimaging2400x350png
https://www.bio.cam.ac.uk/file/technologyinnovationpng
https://www.bio.cam.ac.uk/file/martinlenzjpg-0
https://www.bio.cam.ac.uk/file/chengxizhupng
https://www.bio.cam.ac.uk/file/boyazhangpng
https://www.bio.cam.ac.uk/file/imageanalysispng
https://www.bio.cam.ac.uk/file/leilamuresanpng
https://www.bio.cam.ac.uk/file/anitakarsapng
https://www.bio.cam.ac.uk/file/xiaoyudengpng
https://www.bio.cam.ac.uk/file/electronmicroscopypng
https://www.bio.cam.ac.uk/file/karinmullerpng
https://www.bio.cam.ac.uk/file/filomenagallopng
https://www.bio.cam.ac.uk/file/georginalindoppng
https://www.bio.cam.ac.uk/file/tecnai400x350png
https://www.bio.cam.ac.uk/file/verios460400x350png
https://www.bio.cam.ac.uk/file/maplegendnewpng
https://www.bio.cam.ac.uk/file/zeissxiowidefield400x350png
https://www.bio.cam.ac.uk/file/lavisiontrimscopeii400x350png
https://www.bio.cam.ac.uk/file/zeisselyra7simsmlm400x350png
https://www.bio.cam.ac.uk/file/abberiorsted400x350png
https://www.bio.cam.ac.uk/file/zeisslatticelightsheet7400x350png
https://www.bio.cam.ac.uk/file/leicasp8400x350png
https://www.bio.cam.ac.uk/file/leicastellaris5400x350png
https://www.bio.cam.ac.uk/file/zeisslsm980airyscan2400x350png
https://www.bio.cam.ac.uk/file/zeisslsm700confocal400x350png
https://www.bio.cam.ac.uk/file/zeisslsm780confocal400x350png
https://www.bio.cam.ac.uk/file/leicasp8coreconfocal400x350png
https://www.bio.cam.ac.uk/file/leicasp8advancedconfocal400x350png
https://www.bio.cam.ac.uk/file/zeisslsm900airyscan2confocal400x350png
https://www.bio.cam.ac.uk/file/leicasp5confocalinverted400x350png
https://www.bio.cam.ac.uk/file/leicastellaris5confocal400x350png
https://www.bio.cam.ac.uk/file/olympusfv3000confocal400x350png
https://www.bio.cam.ac.uk/file/lightmicroscopyiconpng
https://www.bio.cam.ac.uk/file/antoninakruppapng
https://www.bio.cam.ac.uk/file/jonhowepng
https://www.bio.cam.ac.uk/file/bensutcliffepng
https://www.bio.cam.ac.uk/file/mattwaylandpng
https://www.bio.cam.ac.uk/file/teamphotoforwebsite885x432png
https://www.bio.cam.ac.uk/file/lisa-marianoframesquarepng
https://www.bio.cam.ac.uk#Biophysics Biochemistry
https://www.bio.cam.ac.uk/research/neuroscience-psychology-behaviour/mental-health-illness-across-scales-species-society
https://www.bio.cam.ac.uk/aggregator/sources/1
https://www.bio.cam.ac.uk/aggregator
https://www.bio.cam.ac.uk/aggregator/rss
https://www.bio.cam.ac.uk/aggregator/sources/2
https://www.bio.cam.ac.uk/aggregator/sources
https://www.bio.cam.ac.uk/aggregator/sources/16
https://www.bio.cam.ac.uk/aggregator/categories/1
https://www.bio.cam.ac.uk/aggregator/categories
https://www.bio.cam.ac.uk/aggregator/categories/2
https://www.bio.cam.ac.uk/aggregator/rss/2
https://www.bio.cam.ac.uk/aggregator/categories/3
https://www.bio.cam.ac.uk/aggregator/rss/3
https://www.bio.cam.ac.uk/aggregator/categories/11
https://www.bio.cam.ac.uk/aggregator/rss/11
https://www.bio.cam.ac.uk/aggregator/sources/71
https://www.bio.cam.ac.uk/aggregator/sources/7
https://www.bio.cam.ac.uk/aggregator/categories/12
https://www.bio.cam.ac.uk/aggregator/rss/12
https://www.bio.cam.ac.uk/aggregator/sources/83
https://www.bio.cam.ac.uk/aggregator/rss/1
https://www.bio.cam.ac.uk/aggregator/sources/21
https://www.bio.cam.ac.uk/aggregator/sources/10
https://www.bio.cam.ac.uk/aggregator/sources/13
https://www.bio.cam.ac.uk/aggregator/sources/14
https://www.bio.cam.ac.uk/aggregator/sources/6
https://www.bio.cam.ac.uk/aggregator/sources/12
https://www.bio.cam.ac.uk/aggregator/sources/19
https://www.bio.cam.ac.uk/aggregator/sources/20
https://www.bio.cam.ac.uk/aggregator/sources/9
https://www.bio.cam.ac.uk/aggregator/categories/1?page=1
https://www.bio.cam.ac.uk/aggregator/sources/11
https://www.bio.cam.ac.uk/aggregator/sources/17
https://www.bio.cam.ac.uk/aggregator/categories/1?page=6
https://www.bio.cam.ac.uk/aggregator/categories/1?page=5
https://www.bio.cam.ac.uk/aggregator/sources/18
https://www.bio.cam.ac.uk/aggregator/sources/15
https://www.bio.cam.ac.uk/aggregator/categories/1?page=4
https://www.bio.cam.ac.uk/aggregator/categories/1?page=3
https://www.bio.cam.ac.uk/aggregator/categories/1?page=2
https://www.bio.cam.ac.uk/aggregator/sources/5
https://www.bio.cam.ac.uk/aggregator/sources/5?page=1
https://www.bio.cam.ac.uk/aggregator/sources/51
https://www.bio.cam.ac.uk/aggregator/sources/61
https://www.bio.cam.ac.uk/aggregator/sources/22
https://www.bio.cam.ac.uk/feeds.feedburner.com
https://www.bio.cam.ac.uk/aggregator/sources/26
https://www.bio.cam.ac.uk/aggregator/sources/23
https://www.bio.cam.ac.uk/aggregator/sources/8
https://www.bio.cam.ac.uk/aggregator/sources/24
https://www.bio.cam.ac.uk/aggregator/sources/25
https://www.bio.cam.ac.uk/aggregator/sources/31
https://www.bio.cam.ac.uk/aggregator/sources/81
https://www.bio.cam.ac.uk/aggregator/sources/4
https://www.bio.cam.ac.uk/aggregator/sources/82
https://www.bio.cam.ac.uk/aggregator/opml
https://www.bio.cam.ac.uk/aggregator/sources/2?page=1
https://www.bio.cam.ac.uk/aggregator/sources/2?page=6
https://www.bio.cam.ac.uk/aggregator/sources/2?page=5
https://www.bio.cam.ac.uk/aggregator/sources/2?page=4
https://www.bio.cam.ac.uk/aggregator/sources/2?page=3
https://www.bio.cam.ac.uk/aggregator/sources/2?page=2
https://www.bio.cam.ac.uk/aggregator?page=1
https://www.bio.cam.ac.uk/taxonomy/imagecredit/attribution-noncommerical
https://www.bio.cam.ac.uk/aggregator?page=14
https://www.bio.cam.ac.uk/aggregator?page=13
https://www.bio.cam.ac.uk/aggregator?page=12
https://www.bio.cam.ac.uk/aggregator?page=11
https://www.bio.cam.ac.uk/aggregator?page=10
https://www.bio.cam.ac.uk/aggregator?page=9
https://www.bio.cam.ac.uk/aggregator?page=8
https://www.bio.cam.ac.uk/aggregator?page=7
https://www.bio.cam.ac.uk/aggregator?page=6
https://www.bio.cam.ac.uk/taxonomy/imagecredit/attribution-sharealike
https://www.bio.cam.ac.uk/aggregator?page=5
https://www.bio.cam.ac.uk/aggregator?page=4
https://www.bio.cam.ac.uk/aggregator?page=3
https://www.bio.cam.ac.uk/aggregator?page=2
https://www.bio.cam.ac.uk/news/roving-researcher-scheme-benefits-challenges-and-looking-ahead
https://www.bio.cam.ac.uk/users/susana-camacho
https://www.bio.cam.ac.uk/news/dr-caren-norden-appointed-charles-darwin-professor-animal-embryology-cambridge
https://www.bio.cam.ac.uk/news/cambridge-partners-new-uk-research-network-unlock-gut-immune-brain-health-links
https://www.bio.cam.ac.uk/news
https://www.bio.cam.ac.uk/news/feed
https://www.bio.cam.ac.uk/news/bringing-science-public-biological-sciences-cambridge-festival-2025
https://www.bio.cam.ac.uk/news/professor-jon-simons-appointed-head-school-biological-sciences
https://www.bio.cam.ac.uk/news/school-biological-sciences-strengthens-commitment-interdisciplinary-research
https://www.bio.cam.ac.uk/file/rebeccalawsonjpg
https://www.bio.cam.ac.uk/file/alexwoolgar150x150jpg
https://www.bio.cam.ac.uk/news/major-funding-awarded-support-next-generation-researchers-biosciences
https://www.bio.cam.ac.uk/news/researchers-school-biological-sciences-awarded-european-research-council-funding
https://www.bio.cam.ac.uk/news/cambridge-and-gsk-announce-new-five-year-collaboration-aiming-improved-outcomes-patients-hard
https://www.bio.cam.ac.uk/news/innovative-interdisciplinary-projects-funded-school-biological-sciences
https://www.bio.cam.ac.uk/staff/david-coomes
https://www.bio.cam.ac.uk/file/coomesdavid885x432png-1
https://www.bio.cam.ac.uk/staff/andrew-balmford
https://www.bio.cam.ac.uk/file/balmfordandrew885x432png
https://www.bio.cam.ac.uk/staff/jon-simons
https://www.bio.cam.ac.uk/file/simonsjon885x432-2png-0
https://www.bio.cam.ac.uk/news?page=1
https://www.bio.cam.ac.uk/news/international-tissue-regeneration-experts-meet-cambridge
https://www.bio.cam.ac.uk/news/summer-research-internship-programme-reaches-its-fourth-year
https://www.bio.cam.ac.uk/news/ukri-funding-boost-engineering-biology-technologies-university-cambridge
https://www.bio.cam.ac.uk/news/uncovering-new-insights-childhood-and-adolescent-brain-development
https://www.bio.cam.ac.uk/staff/sarah-jayne-blakemore
https://www.bio.cam.ac.uk/file/blakemoresarah-jayne885x432png
https://www.bio.cam.ac.uk/file/researchers885x432png
https://www.bio.cam.ac.uk/news/three-new-professorships-launched-boost-interdisciplinary-research-across-biological-sciences
https://www.bio.cam.ac.uk/news/starting-new-journey-postgraduate-education
https://www.bio.cam.ac.uk/news/spotlight-on-mekayla-storer
https://www.bio.cam.ac.uk/news/equitable-partnerships-drive-disease-research
https://www.bio.cam.ac.uk/file/aliceillustrationfullscreen885x432png
https://www.bio.cam.ac.uk/file/logos885x432png-0
https://www.bio.cam.ac.uk/news/empowering-scientists-future
https://www.bio.cam.ac.uk/news/seed-funding-grants-nurture-new-collaborations-and-innovative-biological-research
https://www.bio.cam.ac.uk/file/intwordapplepng
https://www.bio.cam.ac.uk/news?page=5
https://www.bio.cam.ac.uk/NOTINUSEnews/aaa
https://www.bio.cam.ac.uk/users/dr-jenny-barna
https://www.bio.cam.ac.uk/news?page=4
https://www.bio.cam.ac.uk/impact-off/caterpillar-found-to-eat-shopping-bags-suggesting-biodegradable-solution-to-plastic-pollution
https://www.bio.cam.ac.uk/users/administrator
https://www.bio.cam.ac.uk/subject/impactnews
https://www.bio.cam.ac.uk/taxonomy/term/6/feed
https://www.bio.cam.ac.uk/impact-off/news/uk-golden-triangle-challenge
https://www.bio.cam.ac.uk/system/files/documents/uk-golden-triangle-challenge.pdf
https://www.bio.cam.ac.uk/impact-off/news/pumpprimefunding
https://www.bio.cam.ac.uk/impact-off/news/farmroundnews
https://www.bio.cam.ac.uk/impact-off/news/CerealsNews
https://www.bio.cam.ac.uk/node/112
https://www.bio.cam.ac.uk/impact-off/TrainingandEvents/pastevents1/Diagnostics/writeup
https://www.bio.cam.ac.uk/system/files/documents/Williams.pdf
https://www.bio.cam.ac.uk/system/files/documents/Wilson.pdf
https://www.bio.cam.ac.uk/system/files/documents/Ede.pdf
https://www.bio.cam.ac.uk/system/files/documents/MacKenzie.pdf
https://www.bio.cam.ac.uk/system/files/documents/Craig.pdf
https://www.bio.cam.ac.uk/system/files/documents/kamat.pdf
https://www.bio.cam.ac.uk/system/files/documents/Nebauer.pdf
https://www.bio.cam.ac.uk/system/files/documents/Pritchard.pdf
https://www.bio.cam.ac.uk/../../BioscienceImpactTeam
https://www.bio.cam.ac.uk/../Trainingandevents
https://www.bio.cam.ac.uk/impact-off/TrainingandEvents/Archive2016/p2i/P21news
https://www.bio.cam.ac.uk/impact-off/TrainingandEvents/pastevents1/impactworkshop
https://www.bio.cam.ac.uk/system/files/documents/bbsrcslidespdf.pdf
https://www.bio.cam.ac.uk/impact-off/news/internalfunding
https://www.bio.cam.ac.uk/impact-off/BioscienceImpactTeam/EinR
https://www.bio.cam.ac.uk/impact-off/news/VCimpactawards
https://www.bio.cam.ac.uk/impact-off/news/gees
https://www.bio.cam.ac.uk/impact
https://www.bio.cam.ac.uk/news?page=3
https://www.bio.cam.ac.uk/news/new-opportunities-masters-students-studying-biological-sciences-cambridge
https://www.bio.cam.ac.uk/news/spotlight-on-felipe-karam-teixeira
https://www.bio.cam.ac.uk/file/felipephotoforwebsitepng
https://www.bio.cam.ac.uk/news/professor-dame-ottoline-leyser-awarded-royal-societys-croonian-medal-and-lecture
https://www.bio.cam.ac.uk/file/alisonsmithpng
https://www.bio.cam.ac.uk/news/experience-postgrad-life-sciences-what-it-be-phd-student-cambridge
https://www.bio.cam.ac.uk/news/alumni-survey-reveals-positive-impacts-cambridge-biosciences-doctoral-training-partnership
https://www.bio.cam.ac.uk/staff/chris-smith
https://www.bio.cam.ac.uk/file/smithchris885x432png
https://www.bio.cam.ac.uk/news/researchers-school-biological-sciences-recognised-exceptional-contributions-science
https://www.bio.cam.ac.uk/file/sarah-jayneblakemorepng
https://www.bio.cam.ac.uk/file/annaphilpottpng
https://www.bio.cam.ac.uk/staff/anna-philpott
https://www.bio.cam.ac.uk/file/philpottanna885x432png
https://www.bio.cam.ac.uk/file/grahamburtonpng
https://www.bio.cam.ac.uk/news/cambridges-global-reputation-biological-sciences-recognised-ref-2021
https://www.bio.cam.ac.uk/news/pilkington-prizes-teaching-awarded-sue-jones-and-tim-weil
https://www.bio.cam.ac.uk/file/suejonespng
https://www.bio.cam.ac.uk/staff/sue-jones
https://www.bio.cam.ac.uk/file/jonessue885x432png
https://www.bio.cam.ac.uk/file/timweilnewwithframepng
https://www.bio.cam.ac.uk/news/spotlight-on-nerea-irigoyen
https://www.bio.cam.ac.uk/file/framefornereaphoto300x300png
https://www.bio.cam.ac.uk/news/celebrating-international-womens-day-2022
https://www.bio.cam.ac.uk/file/danielecampellopng
https://www.bio.cam.ac.uk/file/albertcardonapng
https://www.bio.cam.ac.uk/staff/albert-cardona
https://www.bio.cam.ac.uk/file/cardonaalbert885x432png
https://www.bio.cam.ac.uk/staff/marta-zlatic
https://www.bio.cam.ac.uk/file/zlaticmarta885x432png
https://www.bio.cam.ac.uk/file/sandrafultonwithframepng
https://www.bio.cam.ac.uk/file/jerellejosephwebsitepng
https://www.bio.cam.ac.uk/file/rosanacollepardo-guevarapng
https://www.bio.cam.ac.uk/staff/rosana-collepardo-guevara
https://www.bio.cam.ac.uk/file/collepardorosana885x432png
https://www.bio.cam.ac.uk/file/matthiaslandrafpng
https://www.bio.cam.ac.uk/staff/matthias-landgraf
https://www.bio.cam.ac.uk/file/landgrafmatthias885x432png
https://www.bio.cam.ac.uk/file/clairemichelpng
https://www.bio.cam.ac.uk/file/hollycanutopng
https://www.bio.cam.ac.uk/file/deborahtalmiwithframepng
https://www.bio.cam.ac.uk/staff/deborah-talmi
https://www.bio.cam.ac.uk/file/talmideborah885x432labbackgroundpng-0
https://www.bio.cam.ac.uk/file/giovannazinzallapng
https://www.bio.cam.ac.uk/news?page=2
https://www.bio.cam.ac.uk/news/biological-sciences-researchers-funded-drive-impact-and-innovation
https://www.bio.cam.ac.uk#Andrew Conlan
https://www.bio.cam.ac.uk/file/bestofinstagram2023forwebsitejpg
https://www.bio.cam.ac.uk#Kathy Niakan
https://www.bio.cam.ac.uk#Paolo Bombelli
https://www.bio.cam.ac.uk/file/conlanproject300x200png
https://www.bio.cam.ac.uk/file/humangastruloids300x200png
https://www.bio.cam.ac.uk/file/algae300x200png
https://www.bio.cam.ac.uk/news/outstanding-scientists-school-biological-sciences-elected-fellows-royal-society-and-academy
https://www.bio.cam.ac.uk/file/ericmiskasquarepng
https://www.bio.cam.ac.uk/staff/eric-miska
https://www.bio.cam.ac.uk/file/headshotphotosframesquarechrisjigginspng
https://www.bio.cam.ac.uk/staff/chris-jiggins
https://www.bio.cam.ac.uk/file/headshotphotosframesquarebillsutherlandpng
https://www.bio.cam.ac.uk/staff/william-sutherland
https://www.bio.cam.ac.uk/file/sutherlandbill885x432png
https://www.bio.cam.ac.uk/news/researchers-school-biological-sciences-awarded-wellcome-mental-health-award
https://www.bio.cam.ac.uk/news/supporting-early-career-principal-investigators-embo-leadership-course-cambridge
https://www.bio.cam.ac.uk/news/celebrating-excellence-teaching-pilkington-prize-winners-announced
https://www.bio.cam.ac.uk/file/elizabethsoilleuxsquarepng
https://www.bio.cam.ac.uk/file/angietavernorsquarepng
https://www.bio.cam.ac.uk/news/supporting-sixth-formers-boost-their-knowledge-biology
https://www.bio.cam.ac.uk/news/renewed-bbsrc-doctoral-training-partnership-funding-support-students-biosciences
https://www.bio.cam.ac.uk/file/annaphilpott150x150png
https://www.bio.cam.ac.uk/news/embedding-inclusive-supportive-and-principled-research-culture
https://www.bio.cam.ac.uk/news/new-heads-department-school-biological-sciences
https://www.bio.cam.ac.uk/file/heikelamansquarepng-0
https://www.bio.cam.ac.uk/file/julianhibberdsquarepng
https://www.bio.cam.ac.uk/our-departments-institutes-and-research-centres
https://www.bio.cam.ac.uk/node/46
https://www.bio.cam.ac.uk/news/amgen-scholars-programme-cambridge-university-inspiring-young-people-choose-careers-science
https://www.bio.cam.ac.uk#NMR Biochemistry
https://www.bio.cam.ac.uk#Cryo-EM
https://www.bio.cam.ac.uk#XRay Crystallography Biochemistry
https://www.bio.cam.ac.uk#Algal
https://www.bio.cam.ac.uk#Plant Sciences
https://www.bio.cam.ac.uk#Sainsbury Lab
https://www.bio.cam.ac.uk#Pacific
https://www.bio.cam.ac.uk#Translational NeuroImaging
https://www.bio.cam.ac.uk#Biotomography Zoology
https://www.bio.cam.ac.uk#Genomics Biochemistry
https://www.bio.cam.ac.uk#Genomics Gurdon
https://www.bio.cam.ac.uk#Genomics Pathology
https://www.bio.cam.ac.uk#Genomics Stem Cells
https://www.bio.cam.ac.uk#Pathology
https://www.bio.cam.ac.uk#Vet Med
https://www.bio.cam.ac.uk#Botanic Garden
https://www.bio.cam.ac.uk#Herbarium
https://www.bio.cam.ac.uk#Museum Zoology
https://www.bio.cam.ac.uk#Gurdon
https://www.bio.cam.ac.uk#Bioinformatics Training
https://www.bio.cam.ac.uk#Research Computing
https://www.bio.cam.ac.uk/file/bioscienceimpactwebpagegraphicupdated2025png
https://www.bio.cam.ac.uk/impactmap.cam.ac.uk/changes-in-policy-for-the-control-of-bovine-tuberculosis/
https://www.bio.cam.ac.uk/impactmap.cam.ac.uk/cantab-a-tool-to-detect-early-alzheimers-disease/
https://www.bio.cam.ac.uk/impactmap.cam.ac.uk/protecting-global-food-production-and-woodland-environments/
https://www.bio.cam.ac.uk/file/researchhighlight300x200protectingfoodproductionpng
https://www.bio.cam.ac.uk/impactmap.cam.ac.uk/revolutionising-cancer-therapy-via-the-dna-damage-response/
https://www.bio.cam.ac.uk/file/revolutionisingcancertherapyviathedna-damageresponse300x200png-0
https://www.bio.cam.ac.uk/file/bioscienceimpactteamjpg
https://www.bio.cam.ac.uk/files/pdform_jan_25.docx
https://www.bio.cam.ac.uk/files/pdform_jan_25.pdf
https://www.bio.cam.ac.uk/files/research_fellowships_framework-2024.pdf
https://www.bio.cam.ac.uk/file/leadingimage885x432png-10
https://www.bio.cam.ac.uk/file/climatechangehexagonpng
https://www.bio.cam.ac.uk/staff/beverley-glover
https://www.bio.cam.ac.uk/file/gloverbeverley885x432png
https://www.bio.cam.ac.uk/staff/kiran-patil
https://www.bio.cam.ac.uk/file/kiran-patil-885x432png
https://www.bio.cam.ac.uk/file/lifeattheextremeshexagonswhiteatthebottompng
https://www.bio.cam.ac.uk/file/livefromantarctica885x432png
https://www.bio.cam.ac.uk/staff/dino-giussani
https://www.bio.cam.ac.uk/file/dinogiussanijpg
https://www.bio.cam.ac.uk/staff/andrew-j-murray
https://www.bio.cam.ac.uk/file/murrayandrew885x432png
https://www.bio.cam.ac.uk/staff/david-aldridge
https://www.bio.cam.ac.uk/file/aldridgedavid885x432png
https://www.bio.cam.ac.uk/staff/samuel-brockington
https://www.bio.cam.ac.uk/staff/walter-federle
https://www.bio.cam.ac.uk/file/federlewalter-885x432jpg-0
https://www.bio.cam.ac.uk/staff/laura-itzhaki
https://www.bio.cam.ac.uk/file/itzhakilaura885x432png
https://www.bio.cam.ac.uk/file/iconmoleculesandcells100x100png-0
https://www.bio.cam.ac.uk/staff/johannes-kromdijk
https://www.bio.cam.ac.uk/staff/kathryn-lilley
https://www.bio.cam.ac.uk/file/lilleykathryn885x432png
https://www.bio.cam.ac.uk/staff/emily-mitchell
https://www.bio.cam.ac.uk/file/emily-mitchell-885x432png
https://www.bio.cam.ac.uk/staff/eleanor-raffan
https://www.bio.cam.ac.uk/file/raffan-eleanor-885x432png
https://www.bio.cam.ac.uk/staff/ewan-st-john-smith
https://www.bio.cam.ac.uk/file/ewan-st-john-smith-885x432png
https://www.bio.cam.ac.uk/staff/eske-willerslev
https://www.bio.cam.ac.uk/file/willersleveske885x432png
https://www.bio.cam.ac.uk/file/lifeattheextremeshexagonpng
https://www.bio.cam.ac.uk/file/naturalcleanuplakes590x200png
https://www.bio.cam.ac.uk/file/mussels590x200png
https://www.bio.cam.ac.uk/file/baez-ortegaadrian150x150png
https://www.bio.cam.ac.uk/staff/adrian-baez-ortega
https://www.bio.cam.ac.uk/file/baez-ortegaadrian885x432png
https://www.bio.cam.ac.uk/file/eves-vandenakkersebastianpng
https://www.bio.cam.ac.uk/staff/sebastian-eves-van-den-akker
https://www.bio.cam.ac.uk/file/eves-vandenakkersebastian885x432png
https://www.bio.cam.ac.uk/file/millerchristine150x150png
https://www.bio.cam.ac.uk/staff/christine-miller
https://www.bio.cam.ac.uk/file/millerchristine885x432png
https://www.bio.cam.ac.uk/staff/william-amos
https://www.bio.cam.ac.uk/file/amoswilliam885x432png
https://www.bio.cam.ac.uk/staff/robert-asher
https://www.bio.cam.ac.uk/file/asherrobert885x432png
https://www.bio.cam.ac.uk/staff/madelaine-bartlett
https://www.bio.cam.ac.uk/staff/sir-david-baulcombe
https://www.bio.cam.ac.uk/file/baulcombedavid885x432png
https://www.bio.cam.ac.uk/staff/cinzia-cantacessi
https://www.bio.cam.ac.uk/file/cinzia885x432png
https://www.bio.cam.ac.uk/staff/john-carr
https://www.bio.cam.ac.uk/file/carrjohn885x432png
https://www.bio.cam.ac.uk/staff/nicola-clayton
https://www.bio.cam.ac.uk/file/claytonnicola885x432png
https://www.bio.cam.ac.uk/staff/nik-cunniffe
https://www.bio.cam.ac.uk/staff/lynn-dicks
https://www.bio.cam.ac.uk/staff/david-edwards
https://www.bio.cam.ac.uk/staff/daniel-field
https://www.bio.cam.ac.uk/file/fielddaniel885x432png
https://www.bio.cam.ac.uk/staff/robert-fletcher
https://www.bio.cam.ac.uk/staff/chris-gilligan
https://www.bio.cam.ac.uk/staff/andrew-grant
https://www.bio.cam.ac.uk/file/grantandrew885x432labbackgroundpng
https://www.bio.cam.ac.uk/staff/iris-hardege
https://www.bio.cam.ac.uk/file/hardegeiris885x432png
https://www.bio.cam.ac.uk/staff/jim-haseloff
https://www.bio.cam.ac.uk/staff/jason-head
https://www.bio.cam.ac.uk/file/jason-head-885x432png
https://www.bio.cam.ac.uk/staff/ian-henderson
https://www.bio.cam.ac.uk/staff/julian-hibberd
https://www.bio.cam.ac.uk/staff/chris-howe
https://www.bio.cam.ac.uk/file/howechrisjpg
https://www.bio.cam.ac.uk/staff/alexander-jones
https://www.bio.cam.ac.uk/file/jonesalexander885x432png
https://www.bio.cam.ac.uk/staff/henrik-jonsson
https://www.bio.cam.ac.uk/file/henrikjonsson885x432png
https://www.bio.cam.ac.uk/staff/rebecca-kilner
https://www.bio.cam.ac.uk/file/kilnerrebecca885x432png
https://www.bio.cam.ac.uk/staff/adria-leboeuf
https://www.bio.cam.ac.uk/file/leboeufadria885x432png-0
https://www.bio.cam.ac.uk/staff/leonie-luginbuehl
https://www.bio.cam.ac.uk/staff/andrea-manica
https://www.bio.cam.ac.uk/file/manicaandrea885x432png
https://www.bio.cam.ac.uk/staff/rahia-mashoodh
https://www.bio.cam.ac.uk/staff/matthew-mason
https://www.bio.cam.ac.uk/file/masonmatthew-885x432png
https://www.bio.cam.ac.uk/staff/nicholas-mundy
https://www.bio.cam.ac.uk/staff/francois-nedelec
https://www.bio.cam.ac.uk/file/nedelecfrancois885x432png
https://www.bio.cam.ac.uk/staff/giles-oldroyd
https://www.bio.cam.ac.uk/file/oldroydgiles885x432png
https://www.bio.cam.ac.uk/staff/nicola-patron
https://www.bio.cam.ac.uk/staff/adam-pellegrini
https://www.bio.cam.ac.uk/file/pellegriniadam885x4322png
https://www.bio.cam.ac.uk/staff/olivier-restif
https://www.bio.cam.ac.uk/file/restifolivier885x432png
https://www.bio.cam.ac.uk/staff/henrik-salje
https://www.bio.cam.ac.uk/file/saljehenrik885x432png
https://www.bio.cam.ac.uk/staff/jeanne-salje
https://www.bio.cam.ac.uk/file/saljejeanne-new885x432png
https://www.bio.cam.ac.uk/staff/emilia-santos
https://www.bio.cam.ac.uk/file/santosemilia885x432png
https://www.bio.cam.ac.uk/staff/aylwyn-scally
https://www.bio.cam.ac.uk/file/scallyaylwyn885x432png
https://www.bio.cam.ac.uk/staff/katharina-schiessl
https://www.bio.cam.ac.uk/file/katharina-schiessl
https://www.bio.cam.ac.uk/staff/sebastian-schornack
https://www.bio.cam.ac.uk/file/schornacksebastian885x432png
https://www.bio.cam.ac.uk/staff/jordan-skittrall
https://www.bio.cam.ac.uk/staff/alison-smith
https://www.bio.cam.ac.uk/file/smithalison885x432png
https://www.bio.cam.ac.uk/staff/james-thaventhiran
https://www.bio.cam.ac.uk/file/thaventhiranjames885x432png
https://www.bio.cam.ac.uk/staff/edgar-turner
https://www.bio.cam.ac.uk/file/turneredgar885x432png
https://www.bio.cam.ac.uk/staff/renske-vroomans
https://www.bio.cam.ac.uk/staff/ross-waller
https://www.bio.cam.ac.uk/file/ross-waller-885x432png
https://www.bio.cam.ac.uk/staff/alex-webb
https://www.bio.cam.ac.uk/file/alex-webb-885x432png
https://www.bio.cam.ac.uk/staff/martin-welch
https://www.bio.cam.ac.uk/file/martin-welch-885x432png
https://www.bio.cam.ac.uk/staff/john-welch
https://www.bio.cam.ac.uk/file/welchjohn885x432png
https://www.bio.cam.ac.uk/staff/chris-whitewoods
https://www.bio.cam.ac.uk/file/chris-whitewoods-885x432png
https://www.bio.cam.ac.uk/staff/thomas-worthington
https://www.bio.cam.ac.uk/staff/fengzhu-xiong
https://www.bio.cam.ac.uk/file/xiongfengzhu885x432png-0
https://www.bio.cam.ac.uk/staff/natasha-yelina
https://www.bio.cam.ac.uk/file/yelinanatasha885x432png
https://www.bio.cam.ac.uk/file/impactmappng
https://www.bio.cam.ac.uk/staff/alex-cagan
https://www.bio.cam.ac.uk/file/caganalex885x432png
https://www.bio.cam.ac.uk/file/khaledwalid150x150png
https://www.bio.cam.ac.uk/staff/walid-khaled
https://www.bio.cam.ac.uk/file/khaledwalid885x432cancerbackgroundpng
https://www.bio.cam.ac.uk/staff/srinjan-basu
https://www.bio.cam.ac.uk/staff/richard-bethlehem
https://www.bio.cam.ac.uk/staff/guy-brown
https://www.bio.cam.ac.uk/staff/lucy-cheke
https://www.bio.cam.ac.uk/file/chekelucy885x432png
https://www.bio.cam.ac.uk/staff/david-fernandez-antoran
https://www.bio.cam.ac.uk/file/fernandez-antorandavid885x432png
https://www.bio.cam.ac.uk/staff/namshik-han
https://www.bio.cam.ac.uk/file/hannamshik885x432-2png
https://www.bio.cam.ac.uk/staff/janet-kumita
https://www.bio.cam.ac.uk/file/kumitajanet885x432png
https://www.bio.cam.ac.uk/staff/emma-rawlins
https://www.bio.cam.ac.uk/file/rawlinsemma885x432png
https://www.bio.cam.ac.uk/staff/paul-schofield
https://www.bio.cam.ac.uk/file/schofieldpaul885x432dnabackgroundpng
https://www.bio.cam.ac.uk/staff/catherine-wilson
https://www.bio.cam.ac.uk/file/wilsoncatherine885x432png-0
https://www.bio.cam.ac.uk/file/complextissuesconference300x200png
https://www.bio.cam.ac.uk/file/mekaylaprofile300x200png
https://www.bio.cam.ac.uk/file/heartregenerationpodcast300x200png
https://www.bio.cam.ac.uk/file/mekaylastorerpng
https://www.bio.cam.ac.uk/staff/golnar-kolahgar
https://www.bio.cam.ac.uk/staff/andrew-sharkey
https://www.bio.cam.ac.uk/file/sharkeyandrew-885x432png
https://www.bio.cam.ac.uk/file/biologyofageing350x250png
https://www.bio.cam.ac.uk/file/complextissues350x250png
https://www.bio.cam.ac.uk/file/maternalmicrobiome590x200png
https://www.bio.cam.ac.uk/file/bayinsumru150x150png
https://www.bio.cam.ac.uk/file/caganalex150x150png
https://www.bio.cam.ac.uk/file/sferruzzi-perriamanda150x150png
https://www.bio.cam.ac.uk/staff/amanda-sferruzzi-perri
https://www.bio.cam.ac.uk/file/sferruzzi-perriamanda885x432png
https://www.bio.cam.ac.uk/staff/richard-adams
https://www.bio.cam.ac.uk/file/adamsrichard885x432png-0
https://www.bio.cam.ac.uk/file/iconreproduction100x100png-1
https://www.bio.cam.ac.uk/staff/maria-alcolea
https://www.bio.cam.ac.uk/staff/kate-d-baker
https://www.bio.cam.ac.uk/file/bakerkated885x432png
https://www.bio.cam.ac.uk/staff/johannes-bargehr
https://www.bio.cam.ac.uk/staff/howard-baylis
https://www.bio.cam.ac.uk/file/baylishoward885x432dnabackgroundpng
https://www.bio.cam.ac.uk/staff/neha-bhatia
https://www.bio.cam.ac.uk/staff/barbara-blacklaws
https://www.bio.cam.ac.uk/staff/cecilia-brassett
https://www.bio.cam.ac.uk/file/brassettceciliajpg
https://www.bio.cam.ac.uk/staff/erik-clark
https://www.bio.cam.ac.uk/staff/williamc-colledge
https://www.bio.cam.ac.uk/staff/paul-dupree
https://www.bio.cam.ac.uk/file/dupreepauljpg
https://www.bio.cam.ac.uk/staff/pasco-fearon
https://www.bio.cam.ac.uk/staff/anne-ferguson-smith
https://www.bio.cam.ac.uk/staff/alison-forhead
https://www.bio.cam.ac.uk/file/forheadalison885x432png
https://www.bio.cam.ac.uk/staff/paul-freeman
https://www.bio.cam.ac.uk/file/freemanpaul885x432png
https://www.bio.cam.ac.uk/staff/jennifer-gallop
https://www.bio.cam.ac.uk/file/gallopjenny885x4322png
https://www.bio.cam.ac.uk/staff/usha-goswami
https://www.bio.cam.ac.uk/staff/tony-green
https://www.bio.cam.ac.uk/file/tony-green-885x432png
https://www.bio.cam.ac.uk/staff/courtney-hanna
https://www.bio.cam.ac.uk/file/hannacourtney885x432labbackgroundpng
https://www.bio.cam.ac.uk#
https://www.bio.cam.ac.uk/staff/brian-hendrich
https://www.bio.cam.ac.uk/file/hendrichbrian885x432png
https://www.bio.cam.ac.uk/staff/allan-herbison
https://www.bio.cam.ac.uk/file/herbisonallan885x432psychologybackgroundpng
https://www.bio.cam.ac.uk/staff/mark-johnson
https://www.bio.cam.ac.uk/file/johnsonmark885x432png
https://www.bio.cam.ac.uk/staff/felipe-karam-teixeira
https://www.bio.cam.ac.uk/file/karamteixeirafelipe885x4322png
https://www.bio.cam.ac.uk/staff/jane-ladlow
https://www.bio.cam.ac.uk/staff/adria-lebouef
https://www.bio.cam.ac.uk/staff/naomi-mcgovern
https://www.bio.cam.ac.uk/staff/edwige-moyroud
https://www.bio.cam.ac.uk/staff/matthew-murray
https://www.bio.cam.ac.uk/file/murraymatthew885x432png
https://www.bio.cam.ac.uk/staff/kathy-niakan
https://www.bio.cam.ac.uk/file/niakankathy885x432png
https://www.bio.cam.ac.uk/staff/jose-novo-matos
https://www.bio.cam.ac.uk/file/novomatosjose885x432png-0
https://www.bio.cam.ac.uk/staff/manavendra-pathania
https://www.bio.cam.ac.uk/staff/sarah-robinson
https://www.bio.cam.ac.uk/staff/alberto-rosello-diez
https://www.bio.cam.ac.uk/staff/benedicte-sanson
https://www.bio.cam.ac.uk/file/sansonbenedicte885x4322png
https://www.bio.cam.ac.uk/staff/elena-scarpa
https://www.bio.cam.ac.uk/file/scarpaelena885x432png
https://www.bio.cam.ac.uk/staff/claire-senner
https://www.bio.cam.ac.uk/staff/benjamin-simons
https://www.bio.cam.ac.uk/file/simonsben885x432labbackgroundpng
https://www.bio.cam.ac.uk/staff/daniel-st-johnston
https://www.bio.cam.ac.uk/file/stjohnstondaniel885x432png-0
https://www.bio.cam.ac.uk/staff/azim-surani
https://www.bio.cam.ac.uk/staff/alecia-jane-twigger
https://www.bio.cam.ac.uk/file/twiggeralecia-jane885x432png
https://www.bio.cam.ac.uk/staff/richard-tyser
https://www.bio.cam.ac.uk/staff/erica-watson
https://www.bio.cam.ac.uk/file/watsonerica885x432labbackgroundpng
https://www.bio.cam.ac.uk/staff/tim-williams
https://www.bio.cam.ac.uk/file/williamstim885x432labbackgroundpng
https://www.bio.cam.ac.uk/file/hexagonslonger-1png
https://www.bio.cam.ac.uk/staff/richard-durbin
https://www.bio.cam.ac.uk/file/logosnetworkoflife885x200png-0
https://www.bio.cam.ac.uk/file/ianhenderson30032023150x150png
https://www.bio.cam.ac.uk/file/beckykilnercirclepng
https://www.bio.cam.ac.uk/file/emilymitchellpng
https://www.bio.cam.ac.uk/staff/alexandre-almeida
https://www.bio.cam.ac.uk/file/alex-almeida
https://www.bio.cam.ac.uk/file/weinertlucy150x150png-0
https://www.bio.cam.ac.uk/staff/lucy-weinert
https://www.bio.cam.ac.uk/file/weinertlucy885x432png
https://www.bio.cam.ac.uk/file/welchjohn150x150png
https://www.bio.cam.ac.uk/staff/kate-baker
https://www.bio.cam.ac.uk/staff/erica-bello
https://www.bio.cam.ac.uk/file/belloerica885x432png
https://www.bio.cam.ac.uk/staff/michael-boemo
https://www.bio.cam.ac.uk/file/boemomichael885x432png
https://www.bio.cam.ac.uk/staff/andrea-brand
https://www.bio.cam.ac.uk/file/brandandrea885x432png
https://www.bio.cam.ac.uk/staff/nick-brown
https://www.bio.cam.ac.uk/staff/andrew-conlan
https://www.bio.cam.ac.uk/file/conlanandrew-885x432png
https://www.bio.cam.ac.uk/staff/marc-de-la-roche
https://www.bio.cam.ac.uk/file/delarochemarc883x432jpg
https://www.bio.cam.ac.uk/staff/christine-farr
https://www.bio.cam.ac.uk/staff/antoine-hocher
https://www.bio.cam.ac.uk/staff/steve-jackson
https://www.bio.cam.ac.uk/staff/frank-jiggins
https://www.bio.cam.ac.uk/staff/tony-kouzarides
https://www.bio.cam.ac.uk/file/kouzaridestony885x432png
https://www.bio.cam.ac.uk/staff/torsten-krude
https://www.bio.cam.ac.uk/staff/eyal-maori
https://www.bio.cam.ac.uk/file/maorieyal885x432png
https://www.bio.cam.ac.uk/staff/juan-mata
https://www.bio.cam.ac.uk/file/matajuan885x432png
https://www.bio.cam.ac.uk/staff/cathryn-mellersh
https://www.bio.cam.ac.uk/file/mellershcathryn885x432png
https://www.bio.cam.ac.uk/staff/gos-micklem
https://www.bio.cam.ac.uk/staff/elizabeth-murchison
https://www.bio.cam.ac.uk/file/murchisonelizabeth885x432png
https://www.bio.cam.ac.uk/staff/julian-parkhill
https://www.bio.cam.ac.uk/file/parkhilljulian885x432png
https://www.bio.cam.ac.uk/staff/rahul-roychoudhuri
https://www.bio.cam.ac.uk/file/roychoudhurirahul885x432png
https://www.bio.cam.ac.uk/staff/steve-russell
https://www.bio.cam.ac.uk/staff/ritwick-sawarkar
https://www.bio.cam.ac.uk/file/sawarkarritwick885x432png
https://www.bio.cam.ac.uk/staff/christiana-scheib
https://www.bio.cam.ac.uk/staff/iva-tchasovnikarova
https://www.bio.cam.ac.uk/file/tchasovnikarovaiva-885x432png
https://www.bio.cam.ac.uk/staff/konstantinos-tzelepis
https://www.bio.cam.ac.uk/staff/anne-willis
https://www.bio.cam.ac.uk/file/willisanne885x432bookspng
https://www.bio.cam.ac.uk/file/mentalhealthhexagonpng-1
https://www.bio.cam.ac.uk/file/imageforprofilepng
https://www.bio.cam.ac.uk/file/fundingimage350x250png
https://www.bio.cam.ac.uk/file/mediaimage350x250png
https://www.bio.cam.ac.uk/file/lawsonrebecca150x150png
https://www.bio.cam.ac.uk/staff/rebecca-lawson
https://www.bio.cam.ac.uk/file/lawsonrebecca885x432png
https://www.bio.cam.ac.uk/file/miltonamypng
https://www.bio.cam.ac.uk/staff/amy-milton
https://www.bio.cam.ac.uk/file/miltonamy885x432png
https://www.bio.cam.ac.uk/staff/david-belin
https://www.bio.cam.ac.uk/staff/riccardo-beltramo
https://www.bio.cam.ac.uk/file/beltramoriccardo885x432png
https://www.bio.cam.ac.uk/staff/hannah-clarke
https://www.bio.cam.ac.uk/staff/jeff-dalley
https://www.bio.cam.ac.uk/staff/jane-garrison
https://www.bio.cam.ac.uk/file/garrisonjane885x432png
https://www.bio.cam.ac.uk/staff/claire-hughes
https://www.bio.cam.ac.uk/file/hughesclaire885x432png
https://www.bio.cam.ac.uk/staff/zoe-kourtzi
https://www.bio.cam.ac.uk/file/kourtzizoe885x432png
https://www.bio.cam.ac.uk/staff/paul-miller
https://www.bio.cam.ac.uk/file/millerpaul885x432png-0
https://www.bio.cam.ac.uk/staff/jasper-poort
https://www.bio.cam.ac.uk/staff/angela-roberts
https://www.bio.cam.ac.uk/file/robertsangela-885x432psychologybackgroundpng
https://www.bio.cam.ac.uk/staff/simone-schnall
https://www.bio.cam.ac.uk/staff/varun-warrier
https://www.bio.cam.ac.uk/file/womenexperience590x200png
https://www.bio.cam.ac.uk/staff/susan-golombok
https://www.bio.cam.ac.uk/file/beltramoriccardo150x150png
https://www.bio.cam.ac.uk/file/bulmerdavid150x150png
https://www.bio.cam.ac.uk/staff/david-bulmer
https://www.bio.cam.ac.uk/file/bulmerdavid885x432png
https://www.bio.cam.ac.uk/file/chekelucy150x150png
https://www.bio.cam.ac.uk/file/hannahclarkepng
https://www.bio.cam.ac.uk/file/hardegeiris150x150png
https://www.bio.cam.ac.uk/staff/lisa-alves
https://www.bio.cam.ac.uk/staff/paul-bays
https://www.bio.cam.ac.uk/file/bayspaul885x432png
https://www.bio.cam.ac.uk/staff/mirjana-bozic
https://www.bio.cam.ac.uk/file/bozicmirjana885x432png
https://www.bio.cam.ac.uk/staff/harry-bulstrode
https://www.bio.cam.ac.uk/staff/alex-clarke
https://www.bio.cam.ac.uk/staff/william-colledge
https://www.bio.cam.ac.uk/staff/greg-davis
https://www.bio.cam.ac.uk/staff/lee-de-wit
https://www.bio.cam.ac.uk/file/de-witlee885x432png
https://www.bio.cam.ac.uk/staff/steve-edgley
https://www.bio.cam.ac.uk/file/edgleysteve885x432png
https://www.bio.cam.ac.uk/staff/angeleen-fleming
https://www.bio.cam.ac.uk/staff/david-keays
https://www.bio.cam.ac.uk/file/keaysdavid885x432png
https://www.bio.cam.ac.uk/staff/sepiedeh-keshavarzi
https://www.bio.cam.ac.uk/staff/heike-laman
https://www.bio.cam.ac.uk/staff/sarah-lummis
https://www.bio.cam.ac.uk/staff/hugh-matthews
https://www.bio.cam.ac.uk/staff/florian-merkle
https://www.bio.cam.ac.uk/file/merkleflorian885x432png
https://www.bio.cam.ac.uk/staff/john-mollon
