http://usc.edu#main-content
http://usc.edu/
https://usc.edu#main-content
https://www.usc.edu
https://www.usc.edu#main-content
https://www.usc.edu/we-are-usc/the-university/
https://www.usc.edu/we-are-usc/the-university/leadership/
https://www.usc.edu/we-are-usc/the-university/faculty/
https://www.usc.edu/we-are-usc/the-university/values/
https://www.usc.edu/we-are-usc/the-university/facts-and-stats/
https://www.usc.edu/usc-traditions/
https://www.usc.edu/we-are-usc/the-university/our-history/
https://www.usc.edu/we-are-southern-california/
https://www.usc.edu/we-are-southern-california/our-communities/
https://www.usc.edu/we-are-trojans/
https://www.usc.edu/we-are-connectors/
https://www.usc.edu/we-are-advancing-health/
https://www.usc.edu/we-are-usc/we-are-global/
https://www.usc.edu/we-are-usc/we-are-global/global-engagement/
https://www.usc.edu/we-are-usc/we-are-global/global-presence/
https://www.usc.edu/we-are-usc/we-are-global/educating-global-leaders/
https://www.usc.edu/academics/explore-our-programs/
https://www.usc.edu/majors-minors/
https://www.usc.edu/graduate-professional/
https://www.usc.edu/academics/explore-our-programs/postdoctoral/
https://www.usc.edu/academics/explore-our-programs/pre-college-programs/
https://www.usc.edu/academics/undergraduate-study/
https://www.usc.edu/academics/undergraduate-study/your-first-year-experience/
https://www.usc.edu/academics/undergraduate-study/interdisciplinary-freedom/
https://www.usc.edu/academics/undergraduate-study/global-experiences/
https://www.usc.edu/advising-support/
https://www.usc.edu/academic-calendar/
https://www.usc.edu/life-usc/living-in-la/
https://www.usc.edu/life-usc/campus-life/
https://www.usc.edu/life-usc/campus-life/housing-dining/
https://www.usc.edu/student-organizations-and-clubs/
https://www.usc.edu/community-service/
https://www.usc.edu/life-usc/campus-life/usc-village/
https://www.usc.edu/campus-safety/
https://www.usc.edu/life-usc/health-and-wellness/
https://www.usc.edu/research-creativity/research-innovation/
https://www.usc.edu/research-creativity/research-innovation/student-research/
https://www.usc.edu/research-creativity/research-innovation/faculty-research/
https://www.usc.edu/research-resources/
https://www.usc.edu/innovation/
https://www.usc.edu/research-creativity/creative-expression/
https://www.usc.edu/research-creativity/our-impact/
https://www.usc.edu/research-creativity/our-impact/inventing-solutions/
https://www.usc.edu/research-creativity/our-impact/exploring-medical-frontiers/
https://www.usc.edu/research-creativity/our-impact/creating-new-knowledge/
https://www.usc.edu/visit-usc/
https://www.usc.edu/usc-patient-care/
https://www.usc.edu/
https://www.usc.edu/research-that-saves-lives/
https://www.usc.edu/tommy-cam/
https://www.usc.edu/hecuba-cam/
https://www.usc.edu/policies/
https://www.usc.edu#mission-statement
https://www.usc.edu/sustainability/
https://www.usc.edu/sustainability/education/
https://www.usc.edu/sustainability/research/
https://www.usc.edu/sustainability/taking-action/
https://www.usc.edu/sustainability/operations/
https://www.usc.edu/economic-impact/
https://www.usc.edu/wp-content/uploads/2023/03/USC_EIR_FINAL-1.pdf
https://www.usc.edu/how-to-access-campus/
https://www.usc.edu/wp-content/uploads/2024/08/Fall-2024-Access-map42.pdf
https://www.usc.edu/wp-content/uploads/2024/08/Fall-2024-Access-map42.pdf?_gl=1*pxn527*_ga*MTUyMDQ5NzM2NC4xNzIwNTUwMzYw*_ga_C8LB8WX10V*MTcyMjk3OTI3My4xMS4xLjE3MjI5ODA3MTMuMTkuMC4w*_ga_9CGGZR54T2*MTcyMjk3OTI3My42LjEuMTcyMjk4MDY4MC4wLjAuMA..
https://www.usc.edu/privacy-notice/
https://www.usc.edu#our-information-collection-and-use-practices
https://www.usc.edu#children’s-privacy
https://www.usc.edu#cookies-and-website-analytics
https://www.usc.edu#access-and-choice
https://www.usc.edu#international-privacy
https://www.usc.edu#representative
https://www.usc.edu#information-security
https://www.usc.edu#updates-to-privacy-notice
https://www.usc.edu#contact-us
https://usc.edu/restrict-directory-information-request
https://www.usc.edu#photo-1583467665
https://www.usc.edu#photo-1493676648
https://www.usc.edu#photo-1602721826
https://www.usc.edu#photo-1423509475
https://www.usc.edu#photo-1782361333
https://www.usc.edu#photo-1713598263
https://www.usc.edu#university-policies
https://www.usc.edu#usc-integrity-and-accountability-code
https://www.usc.edu#university-bylaws
https://www.usc.edu#strategic-plan
https://www.usc.edu/mission-statement/
https://www.usc.edu/wp-content/uploads/2023/03/180216_Strategic_Plan.pdf
https://www.usc.edu/wp-content/uploads/2023/03/USC-Strategic-Vision-Matching-Deeds-to-Ambitions-2011.pdf
https://www.usc.edu/wp-content/uploads/2023/03/StrategicPln_12_10_04.pdf
https://www.usc.edu/wp-content/uploads/2023/03/USC_strategicplan_1994_4year_report_optimized.pdf
https://www.usc.edu/wp-content/uploads/2023/03/1994_USC_Strategic_Plan_optimized2.pdf
https://www.usc.edu#gallery-543131667
https://www.usc.edu#gallery-1563957834
https://www.usc.edu#gallery-1078551423
https://www.usc.edu/we-are-usc/we-are-southern-california/
https://www.usc.edu/we-are-usc/we-are-connectors/
https://www.usc.edu#overview
https://www.usc.edu#funding-opportunities
https://www.usc.edu#limited-submissions
https://www.usc.edu#shared-resources
https://www.usc.edu#center-for-excellence-in-research
https://www.usc.edu/research/student-research/
https://www.usc.edu/research/faculty-research/
https://www.usc.edu/creative-expression/
https://www.usc.edu/visit/
https://www.usc.edu#your-safety-is-our-priority-
https://www.usc.edu#safety-resources-around-campus
https://www.usc.edu#one-usc-safety-vision
https://www.usc.edu#one-usc-safety-vision-partners
https://www.usc.edu#photo-1638420884
https://www.usc.edu#photo-920756828
https://www.usc.edu#photo-1949093079
https://www.usc.edu#photo-1769686122
https://www.usc.edu#photo-418003576
https://www.usc.edu#photo-662723104
https://www.usc.edu#as-a-trojan-how-will-you-serve
https://www.usc.edu#usc-volunteer-center
https://www.usc.edu#joint-educational-project--jep
https://www.usc.edu#get-involved
https://www.usc.edu#pre-professional-organizations
https://www.usc.edu#cultural-organizations
https://www.usc.edu#art-organizations
https://www.usc.edu#social-justice
https://www.usc.edu#recreation
https://www.usc.edu#greek-life
https://www.usc.edu#gallery-1772668856
https://www.usc.edu/life-community/living-in-la/
https://www.usc.edu#photo-1893955047
https://www.usc.edu#photo-1840835971
https://www.usc.edu#photo-1139793795
https://www.usc.edu#photo-1034902676
https://www.usc.edu#photo-2004966161
https://www.usc.edu#photo-1148189253
https://www.usc.edu/life-community/campus-life/
https://www.usc.edu#academic-calendar-2024-2025
https://www.usc.edu#academic-calendar-2025-2026
https://www.usc.edu#academic-calendar-2026-2027
https://www.usc.edu#academic-calendar-2027-2028
https://www.usc.edu#academic-calendar-2028-2029
https://www.usc.edu#get-connected
https://www.usc.edu#targeted-support
https://www.usc.edu#photo-1952261622
https://www.usc.edu#photo-1760952705
https://www.usc.edu#photo-515668938
https://www.usc.edu#photo-2043922042
https://www.usc.edu#photo-1545944769
https://www.usc.edu#photo-2039573970
https://www.usc.edu/academics/undergraduate-study/your-first-experience/
https://www.usc.edu#gallery-625935301
https://www.usc.edu/discovery-creativity/creative-expression/
https://www.usc.edu/graduate-professional/page/2/
https://www.usc.edu/graduate-professional/page/3/
https://www.usc.edu/graduate-professional/page/4/
https://www.usc.edu/graduate-professional/page/5/
https://www.usc.edu/graduate-professional/page/6/
https://www.usc.edu/graduate-professional/page/7/
https://www.usc.edu/graduate-professional/page/8/
https://www.usc.edu/graduate-professional/page/9/
https://www.usc.edu/graduate-professional/page/10/
https://www.usc.edu/graduate-professional/page/11/
https://www.usc.edu/graduate-professional/page/12/
https://www.usc.edu/graduate-professional/page/13/
https://www.usc.edu/graduate-professional/page/14/
https://www.usc.edu/graduate-professional/page/15/
https://www.usc.edu/graduate-professional/page/16/
https://www.usc.edu/graduate-professional/page/17/
https://www.usc.edu/graduate-professional/page/18/
https://www.usc.edu/graduate-professional/page/19/
https://www.usc.edu/graduate-professional/page/20/
https://www.usc.edu/graduate-professional/page/21/
https://www.usc.edu/graduate-professional/page/22/
https://www.usc.edu/graduate-professional/page/23/
https://www.usc.edu/graduate-professional/page/24/
https://www.usc.edu/graduate-professional/page/25/
https://www.usc.edu/graduate-professional/page/26/
https://www.usc.edu/graduate-professional/page/27/
https://www.usc.edu/graduate-professional/page/28/
https://www.usc.edu/graduate-professional/page/29/
https://www.usc.edu/graduate-professional/page/30/
https://www.usc.edu/graduate-professional/page/31/
https://www.usc.edu/graduate-professional/page/32/
https://www.usc.edu/graduate-professional/page/33/
https://www.usc.edu/graduate-professional/page/34/
https://www.usc.edu/graduate-professional/page/35/
https://www.usc.edu/graduate-professional/page/36/
https://www.usc.edu/graduate-professional/page/37/
https://www.usc.edu/graduate-professional/page/38/
https://www.usc.edu/graduate-professional/page/39/
https://www.usc.edu/graduate-professional/page/40/
https://www.usc.edu/graduate-professional/page/41/
https://www.usc.edu/graduate-professional/page/42/
https://www.usc.edu/graduate-professional/page/43/
https://www.usc.edu/graduate-professional/page/44/
https://www.usc.edu/graduate-professional/page/45/
https://www.usc.edu/graduate-professional/page/46/
https://www.usc.edu/graduate-professional/page/47/
https://www.usc.edu/graduate-professional/page/48/
https://www.usc.edu/graduate-professional/page/49/
https://www.usc.edu/graduate-professional/page/50/
https://www.usc.edu/graduate-professional/page/51/
https://www.usc.edu/graduate-professional/page/52/
https://www.usc.edu/graduate-professional/page/53/
https://www.usc.edu/graduate-professional/page/54/
https://www.usc.edu/graduate-professional/page/55/
https://www.usc.edu/graduate-professional/page/56/
https://www.usc.edu/graduate-professional/page/57/
https://www.usc.edu/graduate-professional/page/58/
https://www.usc.edu/graduate-professional/page/59/
https://www.usc.edu/graduate-professional/page/60/
https://www.usc.edu/graduate-professional/page/61/
https://www.usc.edu/graduate-professional/page/62/
https://www.usc.edu/graduate-professional/page/63/
https://www.usc.edu/graduate-professional/page/64/
https://www.usc.edu/graduate-professional/page/65/
https://www.usc.edu/majors-minors/page/2/
https://www.usc.edu/majors-minors/page/3/
https://www.usc.edu/majors-minors/page/4/
https://www.usc.edu/majors-minors/page/5/
https://www.usc.edu/majors-minors/page/6/
https://www.usc.edu/majors-minors/page/7/
https://www.usc.edu/majors-minors/page/8/
https://www.usc.edu/majors-minors/page/9/
https://www.usc.edu/majors-minors/page/10/
https://www.usc.edu/majors-minors/page/11/
https://www.usc.edu/majors-minors/page/12/
https://www.usc.edu/majors-minors/page/13/
https://www.usc.edu/majors-minors/page/14/
https://www.usc.edu/majors-minors/page/15/
https://www.usc.edu/majors-minors/page/16/
https://www.usc.edu/majors-minors/page/17/
https://www.usc.edu/majors-minors/page/18/
https://www.usc.edu/majors-minors/page/19/
https://www.usc.edu/majors-minors/page/20/
https://www.usc.edu/majors-minors/page/21/
https://www.usc.edu/majors-minors/page/22/
https://www.usc.edu/majors-minors/page/23/
https://www.usc.edu/majors-minors/page/24/
https://www.usc.edu/majors-minors/page/25/
https://www.usc.edu/majors-minors/page/26/
https://www.usc.edu/majors-minors/page/27/
https://www.usc.edu/majors-minors/page/28/
https://www.usc.edu/majors-minors/page/29/
https://www.usc.edu/majors-minors/page/30/
https://www.usc.edu/majors-minors/page/31/
https://www.usc.edu/majors-minors/page/32/
https://www.usc.edu/majors-minors/page/33/
https://www.usc.edu/majors-minors/page/34/
https://www.usc.edu/majors-minors/page/35/
https://www.usc.edu/majors-minors/page/36/
https://www.usc.edu/majors-minors/page/37/
https://www.usc.edu/majors-minors/page/38/
https://www.usc.edu/majors-minors/page/39/
https://www.usc.edu/majors-minors/page/40/
https://www.usc.edu/majors-minors/page/41/
https://www.usc.edu/majors-minors/page/42/
https://www.usc.edu/majors-minors/page/43/
https://www.usc.edu/majors-minors/page/44/
https://www.usc.edu/majors-minors/page/45/
https://www.usc.edu/majors-minors/page/46/
https://www.usc.edu/majors-minors/page/47/
https://www.usc.edu/majors-minors/page/48/
https://www.usc.edu/majors-minors/page/49/
https://www.usc.edu/majors-minors/page/50/
https://www.usc.edu/majors-minors/page/51/
https://www.usc.edu/majors-minors/page/52/
https://www.usc.edu/majors-minors/page/53/
https://www.usc.edu/academics/explore-our-programs/graduate-professional/
https://www.usc.edu/we-are-usc/we-are-trojans/
https://www.usc.edu/life-community__trashed/campus-life/
https://www.usc.edu/discovery-creativity/research/
https://www.usc.edu#gallery-1530220529
https://www.usc.edu#gallery-1311899070
https://usc.edu/usc-health-sciences-schools/
https://usc.edu/we-are-usc/the-university/
https://usc.edu/we-are-usc/the-university/leadership/
https://usc.edu/we-are-usc/the-university/faculty/
https://usc.edu/we-are-usc/the-university/values/
https://usc.edu/we-are-usc/the-university/facts-and-stats/
https://usc.edu/usc-traditions/
https://usc.edu/we-are-usc/the-university/our-history/
https://usc.edu/we-are-southern-california/
https://usc.edu/we-are-southern-california/our-communities/
https://usc.edu/we-are-trojans/
https://usc.edu/we-are-connectors/
https://usc.edu/we-are-advancing-health/
https://usc.edu/we-are-usc/we-are-global/
https://usc.edu/we-are-usc/we-are-global/global-engagement/
https://usc.edu/we-are-usc/we-are-global/global-presence/
https://usc.edu/we-are-usc/we-are-global/educating-global-leaders/
https://usc.edu/academics/explore-our-programs/
https://usc.edu/majors-minors/
https://usc.edu/graduate-professional/
https://usc.edu/academics/explore-our-programs/postdoctoral/
https://usc.edu/academics/explore-our-programs/pre-college-programs/
https://usc.edu/academics/undergraduate-study/
https://usc.edu/academics/undergraduate-study/your-first-year-experience/
https://usc.edu/academics/undergraduate-study/interdisciplinary-freedom/
https://usc.edu/academics/undergraduate-study/global-experiences/
https://usc.edu/advising-support/
https://usc.edu/academic-calendar/
https://usc.edu/life-usc/living-in-la/
https://usc.edu/life-usc/campus-life/
https://usc.edu/life-usc/campus-life/housing-dining/
https://usc.edu/student-organizations-and-clubs/
https://usc.edu/community-service/
https://usc.edu/life-usc/campus-life/usc-village/
https://usc.edu/campus-safety/
https://usc.edu/life-usc/health-and-wellness/
https://usc.edu/research-creativity/research-innovation/
https://usc.edu/research-creativity/research-innovation/student-research/
https://usc.edu/research-creativity/research-innovation/faculty-research/
https://usc.edu/research-resources/
https://usc.edu/innovation/
https://usc.edu/research-creativity/creative-expression/
https://usc.edu/research-creativity/our-impact/
https://usc.edu/research-creativity/our-impact/inventing-solutions/
https://usc.edu/research-creativity/our-impact/exploring-medical-frontiers/
https://usc.edu/research-creativity/our-impact/creating-new-knowledge/
https://usc.edu/visit-usc/
https://usc.edu/usc-patient-care/
https://usc.edu/
https://usc.edu/policies/
https://usc.edu#mission-statement
https://usc.edu/economic-impact/
https://usc.edu/how-to-access-campus/
https://usc.edu/privacy-notice/
https://usc.edu#our-information-collection-and-use-practices
https://usc.edu#children’s-privacy
https://usc.edu#cookies-and-website-analytics
https://usc.edu#access-and-choice
https://usc.edu#international-privacy
https://usc.edu#representative
https://usc.edu#information-security
https://usc.edu#updates-to-privacy-notice
https://usc.edu#contact-us
https://usc.edu#university-policies
https://usc.edu#usc-integrity-and-accountability-code
https://usc.edu#university-bylaws
https://usc.edu#strategic-plan
https://usc.edu#gallery-1465547080
https://usc.edu#gallery-1170004787
https://usc.edu#gallery-1429534216
https://usc.edu#overview
https://usc.edu#funding-opportunities
https://usc.edu#limited-submissions
https://usc.edu#shared-resources
https://usc.edu#center-for-excellence-in-research
https://usc.edu#your-safety-is-our-priority-
https://usc.edu#safety-resources-around-campus
https://usc.edu#one-usc-safety-vision
https://usc.edu#one-usc-safety-vision-partners
https://usc.edu#photo-910745681
https://usc.edu#photo-1894149268
https://usc.edu#photo-185942501
https://usc.edu#photo-1284310640
https://usc.edu#photo-48538096
https://usc.edu#photo-1960933028
https://usc.edu#as-a-trojan-how-will-you-serve
https://usc.edu#usc-volunteer-center
https://usc.edu#joint-educational-project--jep
https://usc.edu#get-involved
https://usc.edu#pre-professional-organizations
https://usc.edu#cultural-organizations
https://usc.edu#art-organizations
https://usc.edu#social-justice
https://usc.edu#recreation
https://usc.edu#greek-life
https://usc.edu#gallery-187396947
https://usc.edu#photo-1118212421
https://usc.edu#photo-1191125156
https://usc.edu#photo-333550678
https://usc.edu#photo-300012843
https://usc.edu#photo-2097254136
https://usc.edu#photo-285024946
https://usc.edu#academic-calendar-2024-2025
https://usc.edu#academic-calendar-2025-2026
https://usc.edu#academic-calendar-2026-2027
https://usc.edu#academic-calendar-2027-2028
https://usc.edu#academic-calendar-2028-2029
https://usc.edu#get-connected
https://usc.edu#targeted-support
https://usc.edu#photo-271734409
https://usc.edu#photo-2104468742
https://usc.edu#photo-740186224
https://usc.edu#photo-535657081
https://usc.edu#photo-164147338
https://usc.edu#photo-294639925
https://usc.edu#gallery-1830692601
https://usc.edu/graduate-professional/page/2/
https://usc.edu/graduate-professional/page/3/
https://usc.edu/graduate-professional/page/4/
https://usc.edu/graduate-professional/page/5/
https://usc.edu/graduate-professional/page/6/
https://usc.edu/graduate-professional/page/7/
https://usc.edu/graduate-professional/page/8/
https://usc.edu/graduate-professional/page/9/
https://usc.edu/graduate-professional/page/10/
https://usc.edu/graduate-professional/page/11/
https://usc.edu/graduate-professional/page/12/
https://usc.edu/graduate-professional/page/13/
https://usc.edu/graduate-professional/page/14/
https://usc.edu/graduate-professional/page/15/
https://usc.edu/graduate-professional/page/16/
https://usc.edu/graduate-professional/page/17/
https://usc.edu/graduate-professional/page/18/
https://usc.edu/graduate-professional/page/19/
https://usc.edu/graduate-professional/page/20/
https://usc.edu/graduate-professional/page/21/
https://usc.edu/graduate-professional/page/22/
https://usc.edu/graduate-professional/page/23/
https://usc.edu/graduate-professional/page/24/
https://usc.edu/graduate-professional/page/25/
https://usc.edu/graduate-professional/page/26/
https://usc.edu/graduate-professional/page/27/
https://usc.edu/graduate-professional/page/28/
https://usc.edu/graduate-professional/page/29/
https://usc.edu/graduate-professional/page/30/
https://usc.edu/graduate-professional/page/31/
https://usc.edu/graduate-professional/page/32/
https://usc.edu/graduate-professional/page/33/
https://usc.edu/graduate-professional/page/34/
https://usc.edu/graduate-professional/page/35/
https://usc.edu/graduate-professional/page/36/
https://usc.edu/graduate-professional/page/37/
https://usc.edu/graduate-professional/page/38/
https://usc.edu/graduate-professional/page/39/
https://usc.edu/graduate-professional/page/40/
https://usc.edu/graduate-professional/page/41/
https://usc.edu/graduate-professional/page/42/
https://usc.edu/graduate-professional/page/43/
https://usc.edu/graduate-professional/page/44/
https://usc.edu/graduate-professional/page/45/
https://usc.edu/graduate-professional/page/46/
https://usc.edu/graduate-professional/page/47/
https://usc.edu/graduate-professional/page/48/
https://usc.edu/graduate-professional/page/49/
https://usc.edu/graduate-professional/page/50/
https://usc.edu/graduate-professional/page/51/
https://usc.edu/graduate-professional/page/52/
https://usc.edu/graduate-professional/page/53/
https://usc.edu/graduate-professional/page/54/
https://usc.edu/graduate-professional/page/55/
https://usc.edu/graduate-professional/page/56/
https://usc.edu/graduate-professional/page/57/
https://usc.edu/graduate-professional/page/58/
https://usc.edu/graduate-professional/page/59/
https://usc.edu/graduate-professional/page/60/
https://usc.edu/graduate-professional/page/61/
https://usc.edu/graduate-professional/page/62/
https://usc.edu/graduate-professional/page/63/
https://usc.edu/graduate-professional/page/64/
https://usc.edu/graduate-professional/page/65/
https://usc.edu/majors-minors/page/2/
https://usc.edu/majors-minors/page/3/
https://usc.edu/majors-minors/page/4/
https://usc.edu/majors-minors/page/5/
https://usc.edu/majors-minors/page/6/
https://usc.edu/majors-minors/page/7/
https://usc.edu/majors-minors/page/8/
https://usc.edu/majors-minors/page/9/
https://usc.edu/majors-minors/page/10/
https://usc.edu/majors-minors/page/11/
https://usc.edu/majors-minors/page/12/
https://usc.edu/majors-minors/page/13/
https://usc.edu/majors-minors/page/14/
https://usc.edu/majors-minors/page/15/
https://usc.edu/majors-minors/page/16/
https://usc.edu/majors-minors/page/17/
https://usc.edu/majors-minors/page/18/
https://usc.edu/majors-minors/page/19/
https://usc.edu/majors-minors/page/20/
https://usc.edu/majors-minors/page/21/
https://usc.edu/majors-minors/page/22/
https://usc.edu/majors-minors/page/23/
https://usc.edu/majors-minors/page/24/
https://usc.edu/majors-minors/page/25/
https://usc.edu/majors-minors/page/26/
https://usc.edu/majors-minors/page/27/
https://usc.edu/majors-minors/page/28/
https://usc.edu/majors-minors/page/29/
https://usc.edu/majors-minors/page/30/
https://usc.edu/majors-minors/page/31/
https://usc.edu/majors-minors/page/32/
https://usc.edu/majors-minors/page/33/
https://usc.edu/majors-minors/page/34/
https://usc.edu/majors-minors/page/35/
https://usc.edu/majors-minors/page/36/
https://usc.edu/majors-minors/page/37/
https://usc.edu/majors-minors/page/38/
https://usc.edu/majors-minors/page/39/
https://usc.edu/majors-minors/page/40/
https://usc.edu/majors-minors/page/41/
https://usc.edu/majors-minors/page/42/
https://usc.edu/majors-minors/page/43/
https://usc.edu/majors-minors/page/44/
https://usc.edu/majors-minors/page/45/
https://usc.edu/majors-minors/page/46/
https://usc.edu/majors-minors/page/47/
https://usc.edu/majors-minors/page/48/
https://usc.edu/majors-minors/page/49/
https://usc.edu/majors-minors/page/50/
https://usc.edu/majors-minors/page/51/
https://usc.edu/majors-minors/page/52/
https://usc.edu/majors-minors/page/53/
https://usc.edu#gallery-763644602
https://usc.edu#gallery-1247406200
https://usc.edu#photo-459892263
https://usc.edu#photo-1927705976
https://usc.edu#photo-437796691
https://usc.edu#photo-820244500
https://usc.edu#photo-874009584
https://usc.edu#photo-1375140721
https://usc.edu#gallery-1538731662
https://usc.edu#photo-71071069
https://usc.edu#photo-1755694024
https://usc.edu#photo-397390542
https://usc.edu#photo-490067077
https://usc.edu#photo-764793916
https://usc.edu#photo-1752505837
https://usc.edu#gallery-1195494100
https://usc.edu#photo-154542353
https://usc.edu#photo-1739391396
https://usc.edu#photo-657581662
https://usc.edu#photo-939667514
https://usc.edu#photo-1123823730
https://usc.edu#photo-1746309193
https://usc.edu#gallery-58959582
https://usc.edu#gallery-269547030
https://usc.edu#photo-159387157
https://usc.edu#photo-142649163
https://usc.edu#photo-1900661173
https://usc.edu#photo-1661342287
https://usc.edu#photo-257772429
https://usc.edu#photo-569409731
https://www.usc.edu/the-era-of-the-founders/
https://www.usc.edu/we-are-usc/the-university/our-history/historical-timeline/
https://www.usc.edu/gallery-of-usc-presidents/
https://www.usc.edu/we-are-usc/the-university/our-history/olympic-heritage/
https://www.usc.edu/wp-content/uploads/2023/03/ALLTIME-new.OLY1_.pdf
https://usc.edu#alma-mater
https://usc.edu#motto
https://usc.edu#official-fight-song
https://usc.edu#traveler
https://usc.edu#trojan-shrine
https://usc.edu#trojan-marching-band
https://usc.edu#university-seal
https://www.usc.edu/wp-content/uploads/2023/09/seal1-2.png
https://www.usc.edu/wp-content/uploads/2023/09/uscseal1908-2.png
https://www.usc.edu/wp-content/uploads/2023/09/Small-Use-Seal_BlackOnWhite-1.jpg
https://www.usc.edu/annual-financial-reports/
https://www.usc.edu/wp-content/uploads/2024/11/USC-FY24-Financial-Statements-Signed.pdf
https://www.usc.edu/wp-content/uploads/2023/05/Code-of-Integrity-and-Accountability-Online-Version_FINAL-12-2-21.pdf
https://www.usc.edu/policies/mission-statement/
https://www.usc.edu/we-are-usc/the-university/leadership/academic-deans/
https://www.usc.edu/profile/anthony-bailey/
https://www.usc.edu/profile/willow-bay/
https://www.usc.edu/profile/christopher-boone/
https://www.usc.edu/profile/james-bullock/
https://www.usc.edu/profile/andrew-call/
https://www.usc.edu/profile/yang-chai/
https://www.usc.edu/profile/pinchas-cohen/
https://www.usc.edu/profile/elizabeth-m-daley/
https://www.usc.edu/profile/geoffrey-garrett/
https://www.usc.edu/profile/melissa-just/
https://www.usc.edu/profile/josh-khun/
https://www.usc.edu/profile/jason-king/
https://www.usc.edu/profile/haven-lin-kirk/
https://www.usc.edu/profile/carolyn-c-meltzer/
https://www.usc.edu/profile/pedro-noguera/
https://www.usc.edu/profile/vassilios-papadopoulos/
https://www.usc.edu/profile/julia-m-ritter/
https://www.usc.edu/profile/emily-roxworthy/
https://www.usc.edu/profile/brett-steele/
https://www.usc.edu/profile/franita-tolson/
https://www.usc.edu/profile/yannis-c-yortsos/
https://www.usc.edu/we-are-usc/the-university/leadership/senior-administration/
https://www.usc.edu/profile/beong-soo-kim/
https://www.usc.edu/profile/andrew-t-guzman/
https://www.usc.edu/profile/monique-s-allard/
https://www.usc.edu/profile/anthony-bailey-2/
https://www.usc.edu/profile/erik-brink/
https://www.usc.edu/profile/timothy-brunold/
https://www.usc.edu/profile/jennifer-cohen/
https://www.usc.edu/profile/joel-curran/
https://www.usc.edu/profile/amy-diamond/
https://www.usc.edu/profile/samuel-garrison/
https://www.usc.edu/profile/stacy-giwa/
https://www.usc.edu/profile/rodney-b-hanners/
https://www.usc.edu/profile/shrikanth-narayanan/
https://www.usc.edu/profile/ishwar-k-puri/
https://www.usc.edu/profile/scott-rabenold/
https://www.usc.edu/profile/steven-d-shapiro/
https://www.usc.edu/profile/david-w-wright/
https://www.usc.edu/profile/rene-pak/
https://usc.edu#health-sciences-schools
https://www.usc.edu#photo-1386253758
https://www.usc.edu#photo-340934453
https://www.usc.edu#photo-316814589
https://www.usc.edu#photo-1260507089
https://www.usc.edu#photo-1657638231
https://www.usc.edu#photo-1190756449
https://www.usc.edu#gallery-551835447
https://www.usc.edu#photo-913967578
https://www.usc.edu#photo-1259598716
https://www.usc.edu#photo-786022055
https://www.usc.edu#photo-2037760250
https://www.usc.edu#photo-1568469288
https://www.usc.edu#photo-207800952
https://www.usc.edu#gallery-365963922
https://www.usc.edu#photo-679161611
https://www.usc.edu#photo-1730691036
https://www.usc.edu#photo-53633984
https://www.usc.edu#photo-1216998288
https://www.usc.edu#photo-652428739
https://www.usc.edu#photo-963476061
https://www.usc.edu#gallery-947782335
https://www.usc.edu#gallery-1537336591
https://www.usc.edu#photo-2126969205
https://www.usc.edu#photo-865056969
https://www.usc.edu#photo-472277780
https://www.usc.edu#photo-1293572547
https://www.usc.edu#photo-329739234
https://www.usc.edu#photo-1060267108
https://www.usc.edu#alma-mater
https://www.usc.edu#motto
https://www.usc.edu#official-fight-song
https://www.usc.edu#traveler
https://www.usc.edu#trojan-shrine
https://www.usc.edu#trojan-marching-band
https://www.usc.edu#university-seal
